{
    "split": "wilddeepfake",
    "frame_level": {
        "accuracy": 0.7816091954022989,
        "precision": 0.8412698412698413,
        "recall": 0.654320987654321,
        "f1_score": 0.7361111111111112,
        "auc": 0.8574273197929112,
        "eer": 0.2355635205097571,
        "precision_at_95_recall": 0.5746268656716418,
        "confusion_matrix": {
            "tn": 83,
            "fp": 10,
            "fn": 28,
            "tp": 53
        },
        "total_samples": 174
    },
    "video_level": {
        "accuracy": 1.0,
        "precision": 1.0,
        "recall": 1.0,
        "f1_score": 1.0,
        "total_videos": 2
    },
    "roc_curve": {
        "fpr": [
            0.0,
            0.0,
            0.0,
            0.010752688172043012,
            0.010752688172043012,
            0.021505376344086023,
            0.021505376344086023,
            0.03225806451612903,
            0.03225806451612903,
            0.043010752688172046,
            0.043010752688172046,
            0.053763440860215055,
            0.053763440860215055,
            0.07526881720430108,
            0.07526881720430108,
            0.0967741935483871,
            0.0967741935483871,
            0.10752688172043011,
            0.10752688172043011,
            0.11827956989247312,
            0.11827956989247312,
            0.12903225806451613,
            0.12903225806451613,
            0.15053763440860216,
            0.15053763440860216,
            0.16129032258064516,
            0.16129032258064516,
            0.1827956989247312,
            0.1827956989247312,
            0.1935483870967742,
            0.1935483870967742,
            0.21505376344086022,
            0.21505376344086022,
            0.23655913978494625,
            0.23655913978494625,
            0.24731182795698925,
            0.24731182795698925,
            0.25806451612903225,
            0.25806451612903225,
            0.2903225806451613,
            0.2903225806451613,
            0.3333333333333333,
            0.3333333333333333,
            0.3655913978494624,
            0.3655913978494624,
            0.40860215053763443,
            0.40860215053763443,
            0.44086021505376344,
            0.44086021505376344,
            0.4838709677419355,
            0.4838709677419355,
            0.5053763440860215,
            0.5053763440860215,
            0.6129032258064516,
            0.6129032258064516,
            0.6344086021505376,
            0.6344086021505376,
            0.6451612903225806,
            0.6451612903225806,
            0.7096774193548387,
            0.7096774193548387,
            0.7204301075268817,
            0.7204301075268817,
            1.0
        ],
        "tpr": [
            0.0,
            0.06172839506172839,
            0.2839506172839506,
            0.2839506172839506,
            0.345679012345679,
            0.345679012345679,
            0.3950617283950617,
            0.3950617283950617,
            0.4444444444444444,
            0.4444444444444444,
            0.4691358024691358,
            0.4691358024691358,
            0.5555555555555556,
            0.5555555555555556,
            0.6296296296296297,
            0.6296296296296297,
            0.6419753086419753,
            0.6419753086419753,
            0.6666666666666666,
            0.6666666666666666,
            0.6790123456790124,
            0.6790123456790124,
            0.691358024691358,
            0.691358024691358,
            0.7037037037037037,
            0.7037037037037037,
            0.7160493827160493,
            0.7160493827160493,
            0.7283950617283951,
            0.7283950617283951,
            0.7407407407407407,
            0.7407407407407407,
            0.7654320987654321,
            0.7654320987654321,
            0.7777777777777778,
            0.7777777777777778,
            0.7901234567901234,
            0.7901234567901234,
            0.8148148148148148,
            0.8148148148148148,
            0.8271604938271605,
            0.8271604938271605,
            0.8395061728395061,
            0.8395061728395061,
            0.8518518518518519,
            0.8518518518518519,
            0.8641975308641975,
            0.8641975308641975,
            0.8888888888888888,
            0.8888888888888888,
            0.9135802469135802,
            0.9135802469135802,
            0.9259259259259259,
            0.9259259259259259,
            0.9506172839506173,
            0.9506172839506173,
            0.9629629629629629,
            0.9629629629629629,
            0.9753086419753086,
            0.9753086419753086,
            0.9876543209876543,
            0.9876543209876543,
            1.0,
            1.0
        ],
        "thresholds": [
            Infinity,
            1.0,
            0.9903591275215149,
            0.9872817397117615,
            0.9744182825088501,
            0.9659395217895508,
            0.9639200568199158,
            0.9539273381233215,
            0.9459627866744995,
            0.9434016942977905,
            0.9318246841430664,
            0.9313786625862122,
            0.7838472723960876,
            0.776739776134491,
            0.5891678929328918,
            0.5642480254173279,
            0.5406507253646851,
            0.5348966121673584,
            0.45530638098716736,
            0.4175724387168884,
            0.39870327711105347,
            0.37538832426071167,
            0.3345261216163635,
            0.2983432114124298,
            0.26893293857574463,
            0.2583468556404114,
            0.2491096556186676,
            0.2364284098148346,
            0.23229524493217468,
            0.2244722992181778,
            0.20915333926677704,
            0.20712247490882874,
            0.1962941735982895,
            0.17360053956508636,
            0.15156999230384827,
            0.13994403183460236,
            0.10905225574970245,
            0.10353143513202667,
            0.09589042514562607,
            0.0825786292552948,
            0.07014117389917374,
            0.05251683294773102,
            0.04529183730483055,
            0.034878961741924286,
            0.030071740970015526,
            0.021030433475971222,
            0.01850481890141964,
            0.016978871077299118,
            0.016576800495386124,
            0.012446476146578789,
            0.011510460637509823,
            0.009412180632352829,
            0.00914065819233656,
            0.003727455623447895,
            0.0026403414085507393,
            0.0010973650496453047,
            0.0009812532225623727,
            0.0009021926089189947,
            0.0008346400572918355,
            0.0003340664552524686,
            0.0003287193540018052,
            0.0003012708039022982,
            0.0002809490542858839,
            3.988784025299452e-10
        ]
    }
}