{
    "split": "wilddeepfake",
    "frame_level": {
        "accuracy": 0.8160919540229885,
        "precision": 0.8888888888888888,
        "recall": 0.691358024691358,
        "f1_score": 0.7777777777777778,
        "auc": 0.8956590999601752,
        "eer": 0.19553962564715252,
        "precision_at_95_recall": 0.5923076923076923,
        "confusion_matrix": {
            "tn": 86,
            "fp": 7,
            "fn": 25,
            "tp": 56
        },
        "total_samples": 174
    },
    "video_level": {
        "accuracy": 1.0,
        "precision": 1.0,
        "recall": 1.0,
        "f1_score": 1.0,
        "total_videos": 2
    },
    "roc_curve": {
        "fpr": [
            0.0,
            0.0,
            0.0,
            0.0,
            0.0,
            0.010752688172043012,
            0.010752688172043012,
            0.021505376344086023,
            0.021505376344086023,
            0.043010752688172046,
            0.043010752688172046,
            0.07526881720430108,
            0.07526881720430108,
            0.0967741935483871,
            0.0967741935483871,
            0.10752688172043011,
            0.10752688172043011,
            0.15053763440860216,
            0.15053763440860216,
            0.17204301075268819,
            0.17204301075268819,
            0.1827956989247312,
            0.1827956989247312,
            0.1935483870967742,
            0.1935483870967742,
            0.22580645161290322,
            0.22580645161290322,
            0.24731182795698925,
            0.24731182795698925,
            0.26881720430107525,
            0.26881720430107525,
            0.27956989247311825,
            0.27956989247311825,
            0.3548387096774194,
            0.3548387096774194,
            0.3870967741935484,
            0.3870967741935484,
            0.41935483870967744,
            0.41935483870967744,
            0.5698924731182796,
            0.5698924731182796,
            0.6559139784946236,
            0.6559139784946236,
            0.6666666666666666,
            0.6666666666666666,
            0.6881720430107527,
            0.6881720430107527,
            1.0
        ],
        "tpr": [
            0.0,
            0.037037037037037035,
            0.06172839506172839,
            0.08641975308641975,
            0.4567901234567901,
            0.4567901234567901,
            0.5432098765432098,
            0.5432098765432098,
            0.5802469135802469,
            0.5802469135802469,
            0.6172839506172839,
            0.6172839506172839,
            0.7407407407407407,
            0.7407407407407407,
            0.7530864197530864,
            0.7530864197530864,
            0.7654320987654321,
            0.7654320987654321,
            0.7777777777777778,
            0.7777777777777778,
            0.7901234567901234,
            0.7901234567901234,
            0.8024691358024691,
            0.8024691358024691,
            0.8148148148148148,
            0.8148148148148148,
            0.8395061728395061,
            0.8395061728395061,
            0.8518518518518519,
            0.8518518518518519,
            0.8641975308641975,
            0.8641975308641975,
            0.8888888888888888,
            0.8888888888888888,
            0.9012345679012346,
            0.9012345679012346,
            0.9135802469135802,
            0.9135802469135802,
            0.9259259259259259,
            0.9259259259259259,
            0.9506172839506173,
            0.9506172839506173,
            0.9629629629629629,
            0.9629629629629629,
            0.9753086419753086,
            0.9753086419753086,
            1.0,
            1.0
        ],
        "thresholds": [
            Infinity,
            1.0,
            0.9999997615814209,
            0.9999996423721313,
            0.9990181922912598,
            0.9981710910797119,
            0.9375070929527283,
            0.9224622845649719,
            0.8346031308174133,
            0.8073545694351196,
            0.7450588345527649,
            0.7015546560287476,
            0.2869635820388794,
            0.2801484763622284,
            0.22619298100471497,
            0.22311149537563324,
            0.20171800255775452,
            0.13914644718170166,
            0.13284611701965332,
            0.12018927931785583,
            0.10876579582691193,
            0.10790660232305527,
            0.09607180953025818,
            0.09541862457990646,
            0.08128771930932999,
            0.07132571935653687,
            0.04957935959100723,
            0.04278983920812607,
            0.03138657286763191,
            0.027265219017863274,
            0.024674108251929283,
            0.023044852539896965,
            0.013056178577244282,
            0.004531035665422678,
            0.0036775129847228527,
            0.0030777975916862488,
            0.002892574993893504,
            0.0026960084214806557,
            0.002661022823303938,
            0.0008236760622821748,
            0.0006469599902629852,
            0.00017442904936615378,
            0.0001500585931353271,
            0.00012418284313753247,
            0.00011544698645593598,
            7.779859151924029e-05,
            6.758682866347954e-05,
            2.1168863995058018e-08
        ]
    }
}