{
    "split": "wilddeepfake",
    "frame_level": {
        "accuracy": 0.8218390804597702,
        "precision": 0.8787878787878788,
        "recall": 0.7160493827160493,
        "f1_score": 0.7891156462585034,
        "auc": 0.8904818797291915,
        "eer": 0.20629231381919555,
        "precision_at_95_recall": 0.5789473684210527,
        "confusion_matrix": {
            "tn": 85,
            "fp": 8,
            "fn": 23,
            "tp": 58
        },
        "total_samples": 174
    },
    "video_level": {
        "accuracy": 1.0,
        "precision": 1.0,
        "recall": 1.0,
        "f1_score": 1.0,
        "total_videos": 2
    },
    "roc_curve": {
        "fpr": [
            0.0,
            0.0,
            0.0,
            0.010752688172043012,
            0.010752688172043012,
            0.021505376344086023,
            0.021505376344086023,
            0.03225806451612903,
            0.03225806451612903,
            0.043010752688172046,
            0.043010752688172046,
            0.053763440860215055,
            0.053763440860215055,
            0.06451612903225806,
            0.06451612903225806,
            0.07526881720430108,
            0.07526881720430108,
            0.08602150537634409,
            0.08602150537634409,
            0.12903225806451613,
            0.12903225806451613,
            0.13978494623655913,
            0.13978494623655913,
            0.17204301075268819,
            0.17204301075268819,
            0.21505376344086022,
            0.21505376344086022,
            0.24731182795698925,
            0.24731182795698925,
            0.26881720430107525,
            0.26881720430107525,
            0.3548387096774194,
            0.3548387096774194,
            0.40860215053763443,
            0.40860215053763443,
            0.45161290322580644,
            0.45161290322580644,
            0.6021505376344086,
            0.6021505376344086,
            0.6559139784946236,
            0.6559139784946236,
            0.6881720430107527,
            0.6881720430107527,
            0.7849462365591398,
            0.7849462365591398,
            0.8064516129032258,
            0.8064516129032258,
            1.0
        ],
        "tpr": [
            0.0,
            0.012345679012345678,
            0.2839506172839506,
            0.2839506172839506,
            0.35802469135802467,
            0.35802469135802467,
            0.4074074074074074,
            0.4074074074074074,
            0.6296296296296297,
            0.6296296296296297,
            0.654320987654321,
            0.654320987654321,
            0.6666666666666666,
            0.6666666666666666,
            0.7037037037037037,
            0.7037037037037037,
            0.7160493827160493,
            0.7160493827160493,
            0.7654320987654321,
            0.7654320987654321,
            0.7777777777777778,
            0.7777777777777778,
            0.7901234567901234,
            0.7901234567901234,
            0.8024691358024691,
            0.8024691358024691,
            0.8641975308641975,
            0.8641975308641975,
            0.8765432098765432,
            0.8765432098765432,
            0.8888888888888888,
            0.8888888888888888,
            0.9012345679012346,
            0.9012345679012346,
            0.9135802469135802,
            0.9135802469135802,
            0.9259259259259259,
            0.9259259259259259,
            0.9506172839506173,
            0.9506172839506173,
            0.9629629629629629,
            0.9629629629629629,
            0.9753086419753086,
            0.9753086419753086,
            0.9876543209876543,
            0.9876543209876543,
            1.0,
            1.0
        ],
        "thresholds": [
            Infinity,
            0.9999998807907104,
            0.9988890290260315,
            0.9986037611961365,
            0.9964595437049866,
            0.9960344433784485,
            0.9938706159591675,
            0.9930819869041443,
            0.7937595248222351,
            0.7839578986167908,
            0.7354759573936462,
            0.7319145202636719,
            0.7197630405426025,
            0.7032611966133118,
            0.6303396821022034,
            0.6001109480857849,
            0.596851646900177,
            0.5735762715339661,
            0.46644407510757446,
            0.3583514988422394,
            0.3575786352157593,
            0.35519713163375854,
            0.338978111743927,
            0.3046715259552002,
            0.3002322316169739,
            0.25161033868789673,
            0.18817216157913208,
            0.1594173014163971,
            0.15818165242671967,
            0.11195819079875946,
            0.11166417598724365,
            0.025845801457762718,
            0.025711707770824432,
            0.011261274106800556,
            0.008094217628240585,
            0.005395035725086927,
            0.004945268388837576,
            0.0009949333034455776,
            0.0008909438620321453,
            0.00054178386926651,
            0.0004998616059310734,
            0.0003599995980039239,
            0.00033156838617287576,
            0.00018768444715533406,
            0.00018049808568321168,
            0.00011681191972456872,
            0.00010269393533235416,
            4.2545471501398424e-07
        ]
    }
}