{
    "split": "wilddeepfake",
    "frame_level": {
        "accuracy": 0.8448275862068966,
        "precision": 0.9090909090909091,
        "recall": 0.7407407407407407,
        "f1_score": 0.8163265306122449,
        "auc": 0.9154387362272667,
        "eer": 0.13859020310633213,
        "precision_at_95_recall": 0.6581196581196581,
        "confusion_matrix": {
            "tn": 87,
            "fp": 6,
            "fn": 21,
            "tp": 60
        },
        "total_samples": 174
    },
    "video_level": {
        "accuracy": 0.7862068965517242,
        "precision": 0.9310344827586207,
        "recall": 0.6666666666666666,
        "f1_score": 0.7769784172661871,
        "total_videos": 145
    },
    "roc_curve": {
        "fpr": [
            0.0,
            0.0,
            0.0,
            0.0,
            0.010752688172043012,
            0.010752688172043012,
            0.021505376344086023,
            0.021505376344086023,
            0.03225806451612903,
            0.03225806451612903,
            0.043010752688172046,
            0.043010752688172046,
            0.053763440860215055,
            0.053763440860215055,
            0.06451612903225806,
            0.06451612903225806,
            0.08602150537634409,
            0.08602150537634409,
            0.0967741935483871,
            0.0967741935483871,
            0.11827956989247312,
            0.11827956989247312,
            0.12903225806451613,
            0.12903225806451613,
            0.17204301075268819,
            0.17204301075268819,
            0.20430107526881722,
            0.20430107526881722,
            0.22580645161290322,
            0.22580645161290322,
            0.26881720430107525,
            0.26881720430107525,
            0.3010752688172043,
            0.3010752688172043,
            0.3118279569892473,
            0.3118279569892473,
            0.3763440860215054,
            0.3763440860215054,
            0.43010752688172044,
            0.43010752688172044,
            0.6344086021505376,
            0.6344086021505376,
            0.7311827956989247,
            0.7311827956989247,
            1.0,
            1.0
        ],
        "tpr": [
            0.0,
            0.012345679012345678,
            0.18518518518518517,
            0.20987654320987653,
            0.20987654320987653,
            0.5061728395061729,
            0.5061728395061729,
            0.6172839506172839,
            0.6172839506172839,
            0.6666666666666666,
            0.6666666666666666,
            0.6790123456790124,
            0.6790123456790124,
            0.7283950617283951,
            0.7283950617283951,
            0.7777777777777778,
            0.7777777777777778,
            0.7901234567901234,
            0.7901234567901234,
            0.8024691358024691,
            0.8024691358024691,
            0.8395061728395061,
            0.8395061728395061,
            0.8518518518518519,
            0.8518518518518519,
            0.8641975308641975,
            0.8641975308641975,
            0.8765432098765432,
            0.8765432098765432,
            0.8888888888888888,
            0.8888888888888888,
            0.9012345679012346,
            0.9012345679012346,
            0.9135802469135802,
            0.9135802469135802,
            0.9259259259259259,
            0.9259259259259259,
            0.9382716049382716,
            0.9382716049382716,
            0.9629629629629629,
            0.9629629629629629,
            0.9753086419753086,
            0.9753086419753086,
            0.9876543209876543,
            0.9876543209876543,
            1.0
        ],
        "thresholds": [
            Infinity,
            0.9997938275337219,
            0.9996825456619263,
            0.9996672868728638,
            0.9996567964553833,
            0.9966388940811157,
            0.9950113296508789,
            0.9681130051612854,
            0.9626671075820923,
            0.9397871494293213,
            0.9380039572715759,
            0.935075581073761,
            0.9236649870872498,
            0.7340182662010193,
            0.7269281148910522,
            0.08524166792631149,
            0.038197994232177734,
            0.03269046172499657,
            0.03052397444844246,
            0.02625396102666855,
            0.010865761898458004,
            0.008590889163315296,
            0.007721430622041225,
            0.00725371390581131,
            0.005624464713037014,
            0.0040129683911800385,
            0.002961478428915143,
            0.0026620228309184313,
            0.0019780329894274473,
            0.001939171925187111,
            0.0013843310298398137,
            0.0013688051840290427,
            0.001319641014561057,
            0.001302925986237824,
            0.0012987692607566714,
            0.0012107405345886946,
            0.0011774342274293303,
            0.0011772492434829473,
            0.001139700529165566,
            0.0011225524358451366,
            0.0009195593884214759,
            0.0009117094450630248,
            0.0008646114729344845,
            0.0008629333460703492,
            0.0007146165007725358,
            0.000711717817466706
        ]
    }
}