{
    "split": "wilddeepfake",
    "frame_level": {
        "accuracy": 0.7931034482758621,
        "precision": 0.835820895522388,
        "recall": 0.691358024691358,
        "f1_score": 0.7567567567567568,
        "auc": 0.85875481215983,
        "eer": 0.2194344882516926,
        "precision_at_95_recall": 0.5620437956204379,
        "confusion_matrix": {
            "tn": 82,
            "fp": 11,
            "fn": 25,
            "tp": 56
        },
        "total_samples": 174
    },
    "video_level": {
        "accuracy": 0.7379310344827587,
        "precision": 0.8412698412698413,
        "recall": 0.654320987654321,
        "f1_score": 0.7361111111111112,
        "total_videos": 145
    },
    "roc_curve": {
        "fpr": [
            0.0,
            0.0,
            0.0,
            0.010752688172043012,
            0.010752688172043012,
            0.021505376344086023,
            0.021505376344086023,
            0.03225806451612903,
            0.03225806451612903,
            0.043010752688172046,
            0.043010752688172046,
            0.053763440860215055,
            0.053763440860215055,
            0.08602150537634409,
            0.08602150537634409,
            0.0967741935483871,
            0.0967741935483871,
            0.12903225806451613,
            0.12903225806451613,
            0.1827956989247312,
            0.1827956989247312,
            0.1935483870967742,
            0.1935483870967742,
            0.20430107526881722,
            0.20430107526881722,
            0.26881720430107525,
            0.26881720430107525,
            0.3010752688172043,
            0.3010752688172043,
            0.3333333333333333,
            0.3333333333333333,
            0.3655913978494624,
            0.3655913978494624,
            0.3763440860215054,
            0.3763440860215054,
            0.3870967741935484,
            0.3870967741935484,
            0.40860215053763443,
            0.40860215053763443,
            0.44086021505376344,
            0.44086021505376344,
            0.46236559139784944,
            0.46236559139784944,
            0.5376344086021505,
            0.5376344086021505,
            0.5591397849462365,
            0.5591397849462365,
            0.5698924731182796,
            0.5698924731182796,
            0.6451612903225806,
            0.6451612903225806,
            0.6774193548387096,
            0.6774193548387096,
            0.6881720430107527,
            0.6881720430107527,
            0.7849462365591398,
            0.7849462365591398,
            0.7956989247311828,
            0.7956989247311828,
            1.0
        ],
        "tpr": [
            0.0,
            0.012345679012345678,
            0.3950617283950617,
            0.3950617283950617,
            0.41975308641975306,
            0.41975308641975306,
            0.4444444444444444,
            0.4444444444444444,
            0.48148148148148145,
            0.48148148148148145,
            0.6296296296296297,
            0.6296296296296297,
            0.654320987654321,
            0.654320987654321,
            0.6790123456790124,
            0.6790123456790124,
            0.691358024691358,
            0.691358024691358,
            0.7160493827160493,
            0.7160493827160493,
            0.7407407407407407,
            0.7407407407407407,
            0.7530864197530864,
            0.7530864197530864,
            0.7654320987654321,
            0.7654320987654321,
            0.7777777777777778,
            0.7777777777777778,
            0.8024691358024691,
            0.8024691358024691,
            0.8148148148148148,
            0.8148148148148148,
            0.8271604938271605,
            0.8271604938271605,
            0.8395061728395061,
            0.8395061728395061,
            0.8518518518518519,
            0.8518518518518519,
            0.8641975308641975,
            0.8641975308641975,
            0.8765432098765432,
            0.8765432098765432,
            0.9012345679012346,
            0.9012345679012346,
            0.9135802469135802,
            0.9135802469135802,
            0.9259259259259259,
            0.9259259259259259,
            0.9382716049382716,
            0.9382716049382716,
            0.9506172839506173,
            0.9506172839506173,
            0.9629629629629629,
            0.9629629629629629,
            0.9753086419753086,
            0.9753086419753086,
            0.9876543209876543,
            0.9876543209876543,
            1.0,
            1.0
        ],
        "thresholds": [
            Infinity,
            0.9999436140060425,
            0.9955633878707886,
            0.9946722388267517,
            0.9916234612464905,
            0.9909662008285522,
            0.9902530908584595,
            0.9892478585243225,
            0.9839497208595276,
            0.9799230694770813,
            0.936734676361084,
            0.9351036548614502,
            0.9090458750724792,
            0.8472843170166016,
            0.7715686559677124,
            0.7259681820869446,
            0.7015017867088318,
            0.48758310079574585,
            0.38467565178871155,
            0.18523387610912323,
            0.16781039535999298,
            0.12931838631629944,
            0.12267056107521057,
            0.10625318437814713,
            0.10318633913993835,
            0.052640147507190704,
            0.049467381089925766,
            0.03678302839398384,
            0.0179485771805048,
            0.013685537502169609,
            0.012327098287642002,
            0.010180453769862652,
            0.009465456940233707,
            0.008525055833160877,
            0.008447033353149891,
            0.008258650079369545,
            0.006233746185898781,
            0.005527691915631294,
            0.005210769362747669,
            0.004728250205516815,
            0.004722206387668848,
            0.004060719627887011,
            0.0037175912875682116,
            0.00245174253359437,
            0.0023981472477316856,
            0.002272424753755331,
            0.0022149214055389166,
            0.0021890834905207157,
            0.001979116816073656,
            0.0015036549884825945,
            0.00149973772931844,
            0.0013489724369719625,
            0.0013353799004107714,
            0.0012407994363456964,
            0.001216671778820455,
            0.0010162555845454335,
            0.00100715400185436,
            0.001006038160994649,
            0.0009846718749031425,
            0.0007627696031704545
        ]
    }
}