{
    "split": "wilddeepfake",
    "frame_level": {
        "accuracy": 0.764367816091954,
        "precision": 0.8571428571428571,
        "recall": 0.5925925925925926,
        "f1_score": 0.7007299270072993,
        "auc": 0.8441523961237222,
        "eer": 0.21326164874551973,
        "precision_at_95_recall": 0.5539568345323741,
        "confusion_matrix": {
            "tn": 85,
            "fp": 8,
            "fn": 33,
            "tp": 48
        },
        "total_samples": 174
    },
    "video_level": {
        "accuracy": 1.0,
        "precision": 1.0,
        "recall": 1.0,
        "f1_score": 1.0,
        "total_videos": 2
    },
    "roc_curve": {
        "fpr": [
            0.0,
            0.0,
            0.0,
            0.0,
            0.010752688172043012,
            0.010752688172043012,
            0.021505376344086023,
            0.021505376344086023,
            0.03225806451612903,
            0.03225806451612903,
            0.043010752688172046,
            0.043010752688172046,
            0.053763440860215055,
            0.053763440860215055,
            0.08602150537634409,
            0.08602150537634409,
            0.0967741935483871,
            0.0967741935483871,
            0.10752688172043011,
            0.10752688172043011,
            0.11827956989247312,
            0.11827956989247312,
            0.1827956989247312,
            0.1827956989247312,
            0.20430107526881722,
            0.20430107526881722,
            0.25806451612903225,
            0.25806451612903225,
            0.2903225806451613,
            0.2903225806451613,
            0.3763440860215054,
            0.3763440860215054,
            0.3870967741935484,
            0.3870967741935484,
            0.40860215053763443,
            0.40860215053763443,
            0.43010752688172044,
            0.43010752688172044,
            0.4731182795698925,
            0.4731182795698925,
            0.5161290322580645,
            0.5161290322580645,
            0.6021505376344086,
            0.6021505376344086,
            0.6451612903225806,
            0.6451612903225806,
            0.6666666666666666,
            0.6666666666666666,
            0.7634408602150538,
            0.7634408602150538,
            0.7849462365591398,
            0.7849462365591398,
            0.8279569892473119,
            0.8279569892473119,
            1.0
        ],
        "tpr": [
            0.0,
            0.012345679012345678,
            0.04938271604938271,
            0.32098765432098764,
            0.32098765432098764,
            0.4444444444444444,
            0.4444444444444444,
            0.49382716049382713,
            0.49382716049382713,
            0.5061728395061729,
            0.5061728395061729,
            0.5679012345679012,
            0.5679012345679012,
            0.5802469135802469,
            0.5802469135802469,
            0.6172839506172839,
            0.6172839506172839,
            0.6419753086419753,
            0.6419753086419753,
            0.654320987654321,
            0.654320987654321,
            0.7160493827160493,
            0.7160493827160493,
            0.7407407407407407,
            0.7407407407407407,
            0.7777777777777778,
            0.7777777777777778,
            0.7901234567901234,
            0.7901234567901234,
            0.8024691358024691,
            0.8024691358024691,
            0.8148148148148148,
            0.8148148148148148,
            0.8271604938271605,
            0.8271604938271605,
            0.8395061728395061,
            0.8395061728395061,
            0.8518518518518519,
            0.8518518518518519,
            0.8765432098765432,
            0.8765432098765432,
            0.8888888888888888,
            0.8888888888888888,
            0.9135802469135802,
            0.9135802469135802,
            0.9259259259259259,
            0.9259259259259259,
            0.9506172839506173,
            0.9506172839506173,
            0.9629629629629629,
            0.9629629629629629,
            0.9753086419753086,
            0.9753086419753086,
            1.0,
            1.0
        ],
        "thresholds": [
            Infinity,
            1.0,
            0.9999998807907104,
            0.9934695959091187,
            0.9933832287788391,
            0.9499414563179016,
            0.919985294342041,
            0.8778982758522034,
            0.8328749537467957,
            0.8200806975364685,
            0.808498740196228,
            0.6933400630950928,
            0.6738360524177551,
            0.6625393629074097,
            0.5282412767410278,
            0.3574967384338379,
            0.3191770613193512,
            0.21758532524108887,
            0.2166237235069275,
            0.21431207656860352,
            0.20132052898406982,
            0.10330568253993988,
            0.04122323915362358,
            0.024322878569364548,
            0.022634241729974747,
            0.013710173778235912,
            0.006704743020236492,
            0.006391878705471754,
            0.0048928945325315,
            0.004699647426605225,
            0.0019028083188459277,
            0.0018853471847251058,
            0.0016869876999408007,
            0.0013504199450835586,
            0.0012500927550718188,
            0.0011754888109862804,
            0.0009880996076390147,
            0.0009296328644268215,
            0.0007294369861483574,
            0.0006727190921083093,
            0.00047307266504503787,
            0.00046849038335494697,
            7.38757589715533e-05,
            5.409912773757242e-05,
            3.856136027025059e-05,
            3.562949859770015e-05,
            1.8269711290486157e-05,
            1.5157352208916564e-05,
            1.6899795127756079e-06,
            7.86549946951709e-07,
            3.7154501342229196e-07,
            1.668697109380446e-07,
            1.0060205823947399e-07,
            1.2002720595205574e-08,
            3.070484869521006e-19
        ]
    }
}